{
  "params": {
    "batch_size": 32,
    "lr": 0.0002065371069018153,
    "dropout_rate": 0.0844006341065573,
    "num_cnn_layers": 3,
    "kernel_size": 3,
    "pooling_type": "max",
    "num_linear_layers": 2,
    "use_bn_cnn": true,
    "use_dropout_cnn": true,
    "use_bn_linear": false,
    "use_dropout_linear": false
  },
  "train_loss": [
    2.046355898857117,
    1.7446536693572998,
    1.6163953619003295,
    1.546180401802063,
    1.4523318004608154,
    1.381712236404419,
    1.3576561260223388,
    1.2892934188842773,
    1.2806208186149597,
    1.223568434715271,
    1.2072643852233886,
    1.1606536149978637,
    1.1270792436599733,
    1.1022700815200805,
    1.072665189743042
  ],
  "train_acc": [
    0.247,
    0.3615,
    0.395,
    0.4135,
    0.4705,
    0.4845,
    0.5175,
    0.5345,
    0.5215,
    0.554,
    0.5525,
    0.5845,
    0.582,
    0.604,
    0.6145
  ],
  "test_loss": [
    1.9340198373794555,
    1.7062005681991577,
    1.6946227359771728,
    1.5889143829345702,
    1.6138411321640014,
    1.4212988176345824,
    1.510033254623413,
    1.4886301364898682,
    1.6102728776931763,
    1.8249890527725219,
    1.2950612316131591,
    1.3403689823150635,
    1.3397087306976319,
    1.4438284435272217,
    1.648170701980591
  ],
  "test_acc": [
    0.24,
    0.386,
    0.348,
    0.402,
    0.4,
    0.514,
    0.47,
    0.484,
    0.446,
    0.366,
    0.516,
    0.524,
    0.514,
    0.46,
    0.46
  ],
  "model_structure": "CIFAR10CNN(\n  (cnn_block): CNNBlock(\n    (cnn): Sequential(\n      (0): CNNLayer(\n        (conv): Conv2d(3, 64, kernel_size=(3, 3), stride=(1, 1), padding=(1, 1))\n        (relu): ReLU()\n        (pool): MaxPool2d(kernel_size=2, stride=2, padding=0, dilation=1, ceil_mode=False)\n        (batch_norm): BatchNorm2d(64, eps=1e-05, momentum=0.1, affine=True, track_running_stats=True)\n        (dropout): Dropout(p=0.0844006341065573, inplace=False)\n      )\n      (1): CNNLayer(\n        (conv): Conv2d(64, 128, kernel_size=(3, 3), stride=(1, 1), padding=(1, 1))\n        (relu): ReLU()\n        (pool): MaxPool2d(kernel_size=2, stride=2, padding=0, dilation=1, ceil_mode=False)\n        (batch_norm): BatchNorm2d(128, eps=1e-05, momentum=0.1, affine=True, track_running_stats=True)\n        (dropout): Dropout(p=0.0844006341065573, inplace=False)\n      )\n      (2): CNNLayer(\n        (conv): Conv2d(128, 256, kernel_size=(3, 3), stride=(1, 1), padding=(1, 1))\n        (relu): ReLU()\n        (pool): MaxPool2d(kernel_size=2, stride=2, padding=0, dilation=1, ceil_mode=False)\n        (batch_norm): BatchNorm2d(256, eps=1e-05, momentum=0.1, affine=True, track_running_stats=True)\n        (dropout): Dropout(p=0.0844006341065573, inplace=False)\n      )\n    )\n  )\n  (flatten): Flatten(start_dim=1, end_dim=-1)\n  (linear_layer): LinearStack(\n    (linear): Sequential(\n      (0): Linear(in_features=4096, out_features=128, bias=True)\n      (1): ReLU()\n      (2): Linear(in_features=128, out_features=64, bias=True)\n      (3): ReLU()\n    )\n    (out_layer): Linear(in_features=64, out_features=10, bias=True)\n  )\n)",
  "final_test_loss": 1.648170701980591,
  "final_test_acc": 0.46
}