{
  "params": {
    "batch_size": 32,
    "lr": 0.0004541853761256251,
    "dropout_rate": 0.0844006341065573,
    "num_cnn_layers": 3,
    "kernel_size": 3,
    "pooling_type": "max",
    "num_linear_layers": 2,
    "use_bn_cnn": true,
    "use_dropout_cnn": false,
    "use_bn_linear": true,
    "use_dropout_linear": false
  },
  "train_loss": [
    2.028172664642334,
    1.7581693754196166,
    1.5907528848648071,
    1.5268611822128295,
    1.4331652307510376,
    1.3576070137023926,
    1.3261565389633179,
    1.2633918323516846,
    1.207968433380127,
    1.1698215255737305,
    1.1370183601379396,
    1.1080129494667053,
    1.0585298442840576,
    1.0526249027252197,
    1.0213007345199585
  ],
  "train_acc": [
    0.274,
    0.3755,
    0.438,
    0.46,
    0.4865,
    0.5125,
    0.532,
    0.558,
    0.5875,
    0.5955,
    0.6045,
    0.6005,
    0.626,
    0.622,
    0.641
  ],
  "test_loss": [
    1.8094062881469726,
    1.7215847873687744,
    1.6684913101196288,
    1.5672030696868897,
    1.533767267227173,
    1.3323527851104737,
    1.6465553245544433,
    1.2967434625625611,
    1.2297165851593017,
    1.2251355028152466,
    1.6106888742446899,
    1.2477633190155029,
    1.2676738548278808,
    1.3231923007965087,
    1.1186559658050537
  ],
  "test_acc": [
    0.34,
    0.374,
    0.382,
    0.414,
    0.43,
    0.514,
    0.416,
    0.538,
    0.554,
    0.558,
    0.436,
    0.544,
    0.534,
    0.54,
    0.608
  ],
  "model_structure": "CIFAR10CNN(\n  (cnn_block): CNNBlock(\n    (cnn): Sequential(\n      (0): CNNLayer(\n        (conv): Conv2d(3, 64, kernel_size=(3, 3), stride=(1, 1), padding=(1, 1))\n        (relu): ReLU()\n        (pool): MaxPool2d(kernel_size=2, stride=2, padding=0, dilation=1, ceil_mode=False)\n        (batch_norm): BatchNorm2d(64, eps=1e-05, momentum=0.1, affine=True, track_running_stats=True)\n      )\n      (1): CNNLayer(\n        (conv): Conv2d(64, 128, kernel_size=(3, 3), stride=(1, 1), padding=(1, 1))\n        (relu): ReLU()\n        (pool): MaxPool2d(kernel_size=2, stride=2, padding=0, dilation=1, ceil_mode=False)\n        (batch_norm): BatchNorm2d(128, eps=1e-05, momentum=0.1, affine=True, track_running_stats=True)\n      )\n      (2): CNNLayer(\n        (conv): Conv2d(128, 256, kernel_size=(3, 3), stride=(1, 1), padding=(1, 1))\n        (relu): ReLU()\n        (pool): MaxPool2d(kernel_size=2, stride=2, padding=0, dilation=1, ceil_mode=False)\n        (batch_norm): BatchNorm2d(256, eps=1e-05, momentum=0.1, affine=True, track_running_stats=True)\n      )\n    )\n  )\n  (flatten): Flatten(start_dim=1, end_dim=-1)\n  (linear_layer): LinearStack(\n    (linear): Sequential(\n      (0): Linear(in_features=4096, out_features=128, bias=True)\n      (1): ReLU()\n      (2): BatchNorm1d(128, eps=1e-05, momentum=0.1, affine=True, track_running_stats=True)\n      (3): Linear(in_features=128, out_features=64, bias=True)\n      (4): ReLU()\n      (5): BatchNorm1d(64, eps=1e-05, momentum=0.1, affine=True, track_running_stats=True)\n    )\n    (out_layer): Linear(in_features=64, out_features=10, bias=True)\n  )\n)",
  "final_test_loss": 1.1186559658050537,
  "final_test_acc": 0.608
}